北京市,通州区,北京市育才学校通州分校,101101.0,北京市通州区梨园镇群芳二街3号,010-81576606,MIDDLE
北京市,通州区,北京市通州区潞河中学,101149.0,北京市通州区新华南路135号,010-69546337,MIDDLE
北京市,通州区,北京市通州区第二中学,101100.0,北京市通州区玉带河西街28号,010-69544963,MIDDLE
北京市,通州区,北京市通州区第三中学,101100.0,北京市通州区女师胡同3号,010-69542090,MIDDLE
北京市,通州区,北京市通州区第四中学,101100.0,北京市通州区新华西街45号,010-69522231,MIDDLE
北京市,通州区,北京市通州区第六中学,101100.0,北京市通州区西顺城街32号,010-69543268,MIDDLE
北京市,通州区,北京市通州区运河中学,101100.0,北京市通州区运河西大街107号,010-81523528,MIDDLE
北京市,通州区,北京市通州区玉桥中学,101101.0,北京市通州区梨园北街23号,010-81588780,MIDDLE
北京市,通州区,北京市通州区北关中学,101100.0,北京市通州区永顺西街62号,010-69555728,MIDDLE
北京市,通州区,北京市通州区宋庄中学,101118.0,北京市通州区宋庄镇政府大街,010-69595470,MIDDLE
北京市,通州区,北京市通州区潞州中学,101119.0,北京市通州区宋庄镇徐辛庄村,010-89569796,MIDDLE
北京市,通州区,北京市通州区胡各庄中学,101117.0,北京市通州区潞城镇胡各庄村,010-89583666,MIDDLE
北京市,通州区,北京市通州区南刘中学,101117.0,北京市通州区潞城镇南刘村,010-89581056,MIDDLE
北京市,通州区,北京市通州区甘棠中学,101107.0,北京市通州区潞城镇侉子店村,010-61521142,MIDDLE
北京市,通州区,北京市第二中学通州分校,101117.0,北京市通州区潞城镇三元村,010-80851527,MIDDLE
北京市,通州区,北京市通州区西集中学,101106.0,北京市通州区西集镇国防路47号,010-61576275,MIDDLE
北京市,通州区,北京市通州区郎府中学,101108.0,北京市通州区西集镇郎东村,010-61558070,MIDDLE
北京市,通州区,北京市通州区漷县中学,101109.0,北京市通州区漷县镇漷兴一街,010-80585485,MIDDLE
北京市,通州区,北京市通州区觅子店中学,101112.0,北京市通州区漷县镇觅子店村,010-80566041,MIDDLE
北京市,通州区,北京市通州区侯黄庄中学,101112.0,北京市通州区漷县镇侯黄庄村,010-80566129,MIDDLE
北京市,通州区,北京市通州区永乐店中学,101105.0,北京市通州区永乐店镇永三村1号,010-69568463,MIDDLE
北京市,通州区,北京市通州区小务中学,101105.0,北京市通州区永乐店镇小务村555号,010-80552859,MIDDLE
北京市,通州区,北京市通州区柴厂屯中学,101115.0,北京市通州区永乐店镇柴厂屯村,010-80511402,MIDDLE
北京市,通州区,北京市通州区第一实验中学,101102.0,北京市通州区马驹桥镇新海西路88号,010-60509266,MIDDLE
北京市,通州区,北京市通州区大杜社中学,101103.0,北京市通州区马驹桥镇大杜社村,010-61582377,MIDDLE
北京市,通州区,北京市通州区台湖学校,101116.0,北京市通州区台湖镇台湖村,010-61536208,MIDDLE
北京市,通州区,北京市通州区次渠中学,101111.0,北京市通州区台湖镇次一村,010-69502312,MIDDLE
北京市,通州区,北京市通州区潞河中学分校,101113.0,北京市通州区张家湾镇工业开发区广源西街8号,010-69571821,MIDDLE
北京市,通州区,北京市通州区牛堡屯学校,101104.0,北京市通州区张家湾镇中街村,010-69581391,MIDDLE
北京市,通州区,北京市通州区陆辛庄学校,101104.0,北京市通州区张家湾镇陆辛庄村,010-69585189,MIDDLE
北京市,通州区,北京市通州区龙旺庄中学,101101.0,北京市通州区永顺镇小潞邑村,010-89591907,MIDDLE
北京市,通州区,北京市通州区梨园中学,101121.0,北京市通州区梨园镇公庄村,010-60523283,MIDDLE
北京市,通州区,北京市剑桥中学,101116.0,北京市通州区台湖镇台湖村,010-57188070,MIDDLE
北京市,通州区,北京市时代中学,101100.0,北京市通州区运河西大街35号,010-81584862,MIDDLE
北京市,通州区,北京中加学校,101118.0,北京市通州区宋庄镇丛林庄园,010-89598885,MIDDLE
北京市,通州区,北京潞河国际教育学园,101149.0,北京市通州区玉带河西街10号,010-69557324,MIDDLE
北京市,通州区,北京市通州区月河学校,101111.0,北京市通州区台湖镇次一村,010-81509419,MIDDLE
北京市,通州区,北京市通州区新未来实验学校,101118.0,北京市通州区宋庄镇宋庄村,010-89578346,MIDDLE
北京市,通州区,北京市通州区立华学校,101101.0,北京市通州区梨园镇高楼金村,010-81528665,MIDDLE
北京市,通州区,北京市通州区七彩学校,101116.0,北京市通州区台湖镇田府村,010-61533117,MIDDLE
北京市,通州区,北京市通州区新华学校,101100.0,北京市通州区新华大街77号,010-69549645,MIDDLE
北京市,通州区,北京市通州区于家务中学,101127.0,北京市通州区于家务回族乡于家务村,010-80531147,MIDDLE
北京市,通州区,北京市私立树人·瑞贝学校,101118.0,北京市通州区宋庄镇小堡南区甲一号,010-80856788,MIDDLE
北京市,房山区,北京市房山区大宁学校,102442.0,北京市房山区长阳镇大宁山庄小区,010-81355988,MIDDLE
北京市,房山区,北京市房山区良乡第三中学,102488.0,北京市房山区西潞街道办事处苏庄大街11号,010-69382124,MIDDLE
北京市,房山区,北京市房山区良乡第四中学,102488.0,北京市房山区西潞街道办事处太平庄村,010-61350915,MIDDLE
北京市,房山区,北京市房山区晨曦中学,102413.0,北京市房山区阎村镇吴庄村南,010-89318510,MIDDLE
北京市,房山区,北京市房山区琉璃河中学,102403.0,北京市房山区琉璃河地区办事处洄城中区75号,010-61396897,MIDDLE
北京市,房山区,北京师范大学良乡附属中学,102488.0,北京市房山区西潞街道办事处苏庄东街8号,010-69363082,MIDDLE
北京市,房山区,北京市房山区房山中学,102400.0,北京市房山区城关街道办事处东大街13号,010-69314284,MIDDLE
北京市,房山区,北京市房山区坨里中学,102471.0,北京市房山区青龙湖镇坨里大街15号,010-80379516,MIDDLE
北京市,房山区,北京市房山区南梨园中学,102412.0,北京市房山区阎村镇南梨园村,010-89318519,MIDDLE
北京市,房山区,北京市房山区房山第二中学,102400.0,北京市房山区城关街道办事处沿河路5号,010-69312990,MIDDLE
北京市,房山区,北京辅仁音乐学校,102442.0,北京市房山区长阳镇稻田南里8号,010-80350620,MIDDLE
北京市,房山区,北京市房山区房山第三中学,102400.0,北京市房山区城关街道办事处饶乐府村东,010-69312717,MIDDLE
北京市,房山区,北京市房山区河南中学,102417.0,北京市房山区河北镇河南村,010-60377237,MIDDLE
北京市,房山区,北京市房山区实验中学,102400.0,北京市房山区城关街道办事处兴东大街267号,010-89349823,MIDDLE
北京市,房山区,北京市房山区交道中学,102434.0,北京市房山区窦店镇交道二街三区66号,010-80319974,MIDDLE
北京市,房山区,北京市房山区南召中学,102431.0,北京市房山区琉璃河地区办事处北白村北,010-80390081,MIDDLE
北京市,房山区,北京市房山区良乡中学,102401.0,北京市房山区拱辰街道办事处南关东路5号,010-69352605,MIDDLE
北京市,房山区,北京市房山区昊天学校,102488.0,北京市房山区拱辰街道办事处玉竹西路,010-69387621,MIDDLE
北京市,房山区,北京市房山区良乡行宫园学校,102488.0,北京市房山区拱辰街道办事处行宫园小区,010-89351495,MIDDLE
北京市,房山区,北京市房山区张坊中学,102409.0,北京市房山区张坊镇史各庄村,010-61339840,MIDDLE
北京市,房山区,北京市房山区官道中学,102446.0,北京市房山区良乡地区办事处官道村南大街一号,010-60331081,MIDDLE
北京市,房山区,北京市房山区长沟中学,102407.0,北京市房山区长沟镇长沟大街3号,010-61361809,MIDDLE
北京市,房山区,北京房山少林寺文武学校,102401.0,北京市房山区拱辰街道办事处广阳西路2号,010-89366691,MIDDLE
北京市,房山区,北京市房山区岳各庄中学,102406.0,北京市房山区韩村河镇岳各庄村岳各庄大街甲2号,010-61311757,MIDDLE
北京市,房山区,北京市房山区北潞园学校,102488.0,北京市房山区西潞街道办事处北潞园小区北潞春E5楼,010-89391045,MIDDLE
北京市,房山区,北京市博文学校,102488.0,北京市房山区西潞街道办事处月华南大街蝶翠苑小区西侧,010-61351800,MIDDLE
北京市,房山区,北京市房山区石楼中学,102422.0,北京市房山区石楼镇石楼村,010-89307532,MIDDLE
北京市,房山区,北京市房山区夏村中学,102400.0,北京市房山区石楼镇夏村,010-69324314,MIDDLE
北京市,房山区,北京市房山区葫芦垡中学,102444.0,北京市房山区长阳镇葫芦垡村南,010-60352949,MIDDLE
北京市,房山区,北京市房山区长阳中学,102445.0,北京市房山区长阳镇碧桂园小区B区,010-51135399,MIDDLE
北京市,房山区,北京市房山区北洛中学,102403.0,北京市房山区琉璃河地区办事处北洛村西,010-51105070,MIDDLE
北京市,房山区,北京市房山区韩村河中学,102423.0,北京市房山区韩村河镇韩村河村圣园路甲1号,010-80389243,MIDDLE
北京市,房山区,北京市房山区中院中学,102414.0,北京市房山区韩村河镇下中院村,010-61325342,MIDDLE
北京市,房山区,北京市房山区电业中学,102401.0,北京市房山区拱辰街道办事处昊天大街75号,010-69374621,MIDDLE
北京市,房山区,北京市房山区周口店中学,102405.0,北京市房山区周口店地区办事处周口店大街51号,010-69301511,MIDDLE
北京市,房山区,北京市房山区南尚乐中学,102408.0,北京市房山区大石窝镇南尚乐村,010-61385871,MIDDLE
北京市,房山区,北京市房山区石窝中学,102407.0,北京市房山区大石窝镇石窝村,010-61323639,MIDDLE
北京市,房山区,北京市房山区良乡第二中学,102401.0,北京市房山区西潞街道办事处城隍庙街106号,010-69351418,MIDDLE
北京市,房山区,北京市房山第四中学,102400.0,北京市房山区城关街道办事处育新街1号,010-69327194,MIDDLE
北京市,房山区,北京市房山区窦店中学,102433.0,北京市房山区窦店镇窦店村,010-69392390,MIDDLE
北京市,房山区,北京中南红星足球学校,102403.0,北京市房山区琉璃河地区办事处刘李店村东街8号,010-61393708,MIDDLE
北京市,房山区,北京市燕山向阳中学,102500.0,北京市房山区燕山工体街68号,010-69344853,MIDDLE
北京市,房山区,北京市燕山星城中学,102425.0,北京市房山区燕化星城健德三里34号,010-81331072,MIDDLE
北京市,房山区,北京市燕山前进中学,102500.0,北京市房山区燕山杏花西里46号,010-69335404,MIDDLE
北京市,房山区,北京师范大学燕化附属中学,102500.0,北京市房山区燕山迎风南路2号,010-69343431,MIDDLE
北京市,房山区,北京市燕山东风中学,102502.0,北京市房山区燕山东风街15号,010-69344661,MIDDLE
北京市,房山区,北京市房山区四〇一学校,102413.0,北京市房山区新镇街道办事处东平街,010-69357991,MIDDLE
北京市,房山区,北京市房山区青龙湖中学,102447.0,北京市房山区青龙湖镇豆各庄村下三区68号,010-60322908,MIDDLE
北京市,房山区,北京市房山区良乡第五中学,102413.0,北京市房山区阎村镇大董村村北,010-89318131,MIDDLE
北京市,房山区,北京市房山区房山第五中学,102453.0,北京市房山区周口店地区办事处娄子水村南,010-69308009,MIDDLE
北京市,延庆县,延庆县第二中学,102100.0,北京市延庆县延庆镇菜园南街19号,010-81195749,MIDDLE
北京市,延庆县,延庆县第一中学,102100.0,北京市延庆县延庆镇高塔路5号,010-69182699,MIDDLE
北京市,延庆县,延庆县第三中学,102100.0,北京市延庆县延庆镇香苑街106号,010-69173604,MIDDLE
北京市,延庆县,延庆县第四中学,102100.0,北京市延庆县延庆镇香苑街110号,010-69180892,MIDDLE
北京市,延庆县,延庆县第五中学,102100.0,北京市延庆县延庆镇湖南东路10号,010-81198943,MIDDLE
北京市,延庆县,延庆县体育运动学校,102100.0,北京市延庆县延庆镇赵庄村,010-69101175,MIDDLE
北京市,延庆县,延庆县十一学校,102100.0,北京市延庆县延庆镇三清观29号,010-69101592,MIDDLE
北京市,延庆县,延庆县康庄中学,102101.0,北京市延庆县康庄镇榆林东侧,010-61161203,MIDDLE
北京市,延庆县,延庆县八达岭中学,102102.0,北京市延庆县八达岭镇西拨子村北,010-69120429,MIDDLE
北京市,延庆县,延庆县永宁中学,102104.0,北京市延庆县永宁镇东门外,010-60171305,MIDDLE
北京市,延庆县,延庆县新华民族中学,102104.0,北京市延庆县永宁镇新华营村,010-60179346,MIDDLE
北京市,延庆县,延庆县旧县中学,102109.0,北京市延庆县旧县镇旧县村西,010-61153400,MIDDLE
北京市,延庆县,延庆县张山营中学,102115.0,北京市延庆县张山营镇下芦凤营村西,010-69111401,MIDDLE
北京市,延庆县,延庆县沈家营中学,102100.0,北京市延庆县沈家营镇冯庄村北,010-61131284,MIDDLE
北京市,延庆县,延庆县大榆树中学,102100.0,北京市延庆县大榆树镇大榆树村,010-61182794,MIDDLE
北京市,延庆县,延庆县井庄中学,102105.0,北京市延庆县井庄镇艾官营村西南角,010-61191948,MIDDLE
北京市,延庆县,延庆县香营学校,102104.0,北京市延庆县香营乡香营村,010-60161845,MIDDLE
北京市,延庆县,延庆县第八中学,102100.0,北京市延庆县延庆镇广积屯村甲5号,010-69176601,MIDDLE
北京市,延庆县,延庆县第七中学,102100.0,北京市延庆县延庆镇西关村北,010-69177977,MIDDLE
北京市,延庆县,延庆县靳家堡中学,102100.0,北京市延庆县张山营镇中羊坊村西,010-81183398,MIDDLE
北京市,延庆县,延庆县下屯中学,102100.0,北京市延庆县大榆树镇下屯村北,010-61110625,MIDDLE
北京市,延庆县,延庆县刘斌堡中学,102104.0,北京市延庆县刘斌堡乡刘斌堡村,010-60181734,MIDDLE
北京市,顺义区,北京市圣苑-美语实验学校,101318.0,北京市顺义区后沙峪镇后沙峪村,010-80497460,MIDDLE
北京市,顺义区,北京市顺义区仁和中学,101300.0,北京市顺义区双河大街15号,010-89493698,MIDDLE
北京市,顺义区,北京市顺义区马坡中学,101300.0,北京市顺义区双丰秦武姚村,010-69409776,MIDDLE
北京市,顺义区,北京市顺义区沿河中学,101311.0,北京市顺义区李桥镇北河村,010-69480315,MIDDLE
北京市,顺义区,北京市顺义区小店中学,101309.0,北京市顺义区杨镇小店村,010-61412881,MIDDLE
北京市,顺义区,北京市顺义区赵各庄学校,101309.0,北京市顺义区张镇赵各庄村,010-61491420,MIDDLE
北京市,顺义区,北京市顺义区第四中学,101300.0,北京市顺义区光明南街2号,010-69446143,MIDDLE
北京市,顺义区,北京市顺义区天竺中学,101312.0,北京市顺义区天竺镇府前一街29号,010-80467213,MIDDLE
北京市,顺义区,北京市顺义区沙岭学校,101309.0,北京市顺义区杨镇沙岭村青年路5号,010-61442573,MIDDLE
北京市,顺义区,北京市顺义区北石槽中学,101300.0,北京市顺义区北石槽镇府前西街4号,010-60422123,MIDDLE
北京市,顺义区,北京市顺义区赵全营中学,101301.0,北京市顺义区牛板路赵全营段129,010-60431128,MIDDLE
北京市,顺义区,北京市顺义区第八中学,101300.0,北京市顺义区光明北街18号,010-69429480,MIDDLE
北京市,顺义区,北京市顺义区第三中学,101300.0,北京市顺义区府前东街27号,010-69422509,MIDDLE
北京市,顺义区,北京市顺义区俸伯中学,101300.0,北京市顺义区南彩镇前俸伯村东200米,010-89477257,MIDDLE
北京市,顺义区,北京市顺义区杨镇第一中学,101309.0,北京市顺义区杨镇地区三街村仿古商业街43号,010-61451055,MIDDLE
北京市,顺义区,北京市顺义区杨镇第二中学,101309.0,北京市顺义区杨镇三街西,010-61451155,MIDDLE
北京市,顺义区,北京市顺义区南法信中学,101300.0,北京市顺义区南法信镇西海洪村,010-69476574,MIDDLE
北京市,顺义区,北京市顺义区高丽营学校,101303.0,北京市顺义区高丽营镇四村,010-69455654,MIDDLE
北京市,顺义区,北京市顺义区第十中学,101318.0,北京市顺义区后沙峪镇双裕街,010-80416138,MIDDLE
北京市,顺义区,北京市顺义区第九中学,101300.0,北京市顺义区仁和镇河南村北,010-89498802,MIDDLE
北京市,顺义区,北京市顺义区第一中学,101300.0,北京市顺义区站前东街6号,010-69444448,MIDDLE
北京市,顺义区,北京市顺义区大孙各庄中学,101308.0,北京市顺义区大孙各庄镇府前东街8号,010-61434877,MIDDLE
北京市,顺义区,北京市顺义区张镇中学,101307.0,北京市顺义区张镇张孙路张镇段5号,010-61480765,MIDDLE
北京市,顺义区,北京市顺义区尹家府中学,101308.0,北京市顺义区大孙各庄镇四福通大街88号,010-61472870,MIDDLE
北京市,顺义区,北京市顺义区南彩学校,101300.0,北京市顺义区南彩镇南彩村东,010-89469286,MIDDLE
北京市,顺义区,北京市顺义区第二中学,101300.0,北京市顺义区前进花园南侧,010-69421643,MIDDLE
北京市,顺义区,北京市顺义区龙湾屯中学,101306.0,北京市顺义区龙湾屯镇府南路5号,010-60461319,MIDDLE
北京市,顺义区,北京市顺义牛栏山第一中学,101301.0,北京市顺义区牛栏山镇育才大街1号,010-69411142,MIDDLE
北京市,顺义区,北京市顺义区牛山第三中学,101301.0,北京市顺义区牛山镇牛富路2号,010-60413751,MIDDLE
北京市,顺义区,北京市顺义区北务中学,101300.0,北京市顺义区北务镇北务村商业街7号,010-61421946,MIDDLE
北京市,顺义区,北京市顺义区木林中学,101314.0,北京市顺义区木林镇顺焦路木林段1号,010-60457445,MIDDLE
北京市,顺义区,北京市顺义区北小营中学,101305.0,北京市顺义区北小营镇府西路1号,010-60483730,MIDDLE
北京市,顺义区,北京市顺义区第五中学,101300.0,北京市顺义区石园西区,010-89441490,MIDDLE
北京市,顺义区,北京市顺义区李遂中学,101313.0,北京市顺义区李遂镇南孙路沟北段38号,010-89481601,MIDDLE
北京市,顺义区,北京市顺义区高丽营第二中学,101302.0,北京市顺义区高丽营镇张喜庄村拓新区12号,010-69491828,MIDDLE
北京市,顺义区,北京市顺义区板桥中学,101300.0,北京市顺义区赵全营镇板桥村中学街39号,010-60442108,MIDDLE
北京市,顺义区,北京市牛栏山一中实验学校,101300.0,北京市顺义区顺安路99号,010-81480932,MIDDLE
北京市,顺义区,北京市顺义区牛山第二中学,101301.0,北京市顺义区京密路牛山段3号,010-69412537,MIDDLE
北京市,顺义区,北京市顺义区李桥中学,101304.0,北京市顺义区李桥镇李家桥村,010-81473876,MIDDLE
北京市,顺义区,北京市新英才学校,101300.0,北京市顺义区后沙峪镇安华街9号,010-80413968,MIDDLE
北京市,顺义区,北京市顺义区君诚学校,101318.0,北京市顺义区后沙峪镇火沙路古城段15号,010-80490307,MIDDLE
北京市,怀柔区,北京市怀柔区职业学校,101407.0,北京市怀柔区雁栖经济开发区雁栖大街7号,010-61667352,MIDDLE
北京市,怀柔区,北京市怀柔区喇叭沟门满族中学,101414.0,北京市怀柔区喇叭沟门满族乡喇叭沟门村西,010-60623036,MIDDLE
北京市,怀柔区,北京市怀柔区第三中学,101400.0,北京市怀柔区迎宾北路36号,010-69623543,MIDDLE
北京市,怀柔区,北京市怀柔区汤河口中学,101411.0,北京市怀柔汤河口镇汤河口大街3号,010-89671037,MIDDLE
北京市,怀柔区,北京市怀柔区桥梓中学,101402.0,北京市怀柔区桥梓镇后桥梓村北,010-69676673,MIDDLE
北京市,怀柔区,北京市怀柔区体育运动学校,101400.0,北京市怀柔区湖光小区31号,010-69625950,MIDDLE
北京市,怀柔区,北京市怀柔区渤海中学,101405.0,北京市怀柔区渤海镇沙峪村,010-61631447,MIDDLE
北京市,怀柔区,北京市怀柔区第二中学,101400.0,北京市怀柔区湖光南街6号,010-69622236,MIDDLE
北京市,怀柔区,北京市怀柔区第五中学,101400.0,北京市怀柔区东关二区1号,010-51593554,MIDDLE
北京市,怀柔区,北京市怀柔区红螺寺中学,101400.0,北京市怀柔区小中富乐一区190号,010-89686321,MIDDLE
北京市,怀柔区,北京市怀柔区第一中学,101400.0,北京市怀柔区府前西街3号,010-69643291,MIDDLE
北京市,怀柔区,北京市怀柔区宝山中学,101411.0,北京市怀柔区宝山镇宝山寺村,010-60625781,MIDDLE
北京市,怀柔区,北京市怀柔区碾子中学,101411.0,北京市怀柔区宝山镇碾子村,010-60628804,MIDDLE
北京市,怀柔区,北京市怀柔区茶坞铁路中学,101402.0,北京市怀柔区茶坞铁路地区22号,010-51040452,MIDDLE
北京市,怀柔区,北京市怀柔区庙城学校,101401.0,北京市怀柔区庙城镇庙城村南,010-60694257,MIDDLE
北京市,怀柔区,北京市怀柔区北房中学,101400.0,北京市怀柔区北房镇驸马庄村西,010-61682265,MIDDLE
北京市,怀柔区,北京市怀柔区张各长中学,101400.0,北京市怀柔区怀柔镇张各长村,010-69658436,MIDDLE
北京市,怀柔区,北京市怀柔区长哨营满族中学,101412.0,北京市怀柔区长哨营满族乡长哨营村西,010-60621801,MIDDLE
北京市,怀柔区,北京市怀柔区杨宋中学,101400.0,北京市怀柔区杨宋镇杨宋庄村南,010-61678417,MIDDLE
北京市,怀柔区,北京市怀柔区怀北学校,101408.0,北京市怀柔区怀北镇怀北庄村南,010-69662039,MIDDLE
北京市,怀柔区,北京市怀柔区九渡河中学,101403.0,北京市怀柔区九渡河镇九渡河村,010-89606236,MIDDLE
北京市,怀柔区,北京市世纪学校,101400.0,北京市怀柔区凤翔科技开发区凤瑞二园9号,010-61678572,MIDDLE
北京市,怀柔区,北京市怀柔区雁栖学校,101407.0,北京市怀柔区雁栖镇范各庄村,010-61642988,MIDDLE
北京市,怀柔区,北京市怀柔区第四中学,101400.0,北京市怀柔区湖光小区34号,010-69643620,MIDDLE
北京市,昌平区,北京市昌平区第六中学,102200.0,北京市昌平区城北街道西环南路31号,010-69746793,MIDDLE
北京市,昌平区,北京师范大学亚太实验学校,102209.0,北京市昌平区东三旗,010-69759604,MIDDLE
北京市,昌平区,北京市昌平区第二中学分校,102200.0,北京市昌平区城南街道南郝庄,010-80107595,MIDDLE
北京市,昌平区,北京王府外国语学校,102209.0,北京市昌平区北七家镇王府街11号,010-81786151,MIDDLE
北京市,昌平区,北京市昌平区第一中学,102200.0,北京市昌平区城北街道东关路16号,010-89742546,MIDDLE
北京市,昌平区,北京市昌平区第二中学,102200.0,北京市昌平区城北街道政府街5号,010-69724788,MIDDLE
北京市,昌平区,北京市昌平区第三中学,102200.0,北京市昌平区城北街道西关北果园,010-89782460,MIDDLE
北京市,昌平区,北京市昌平区第四中学,102200.0,北京市昌平区城北街道永安路5号,010-69741026,MIDDLE
北京市,昌平区,北京市昌平区第五中学,102200.0,北京市昌平区城北街道富康路22号,010-69741018,MIDDLE
北京市,昌平区,北京市昌平实验中学,102200.0,北京市昌平区城北街道永安里振兴路101号,010-69744509,MIDDLE
北京市,昌平区,北京市昌平区前锋学校,102200.0,北京市昌平区城北街道水库路20号,010-69742223,MIDDLE
北京市,昌平区,北京市昌平区南口职业学校,102202.0,北京市昌平区南口镇南农家园,010-69771570,MIDDLE
北京市,昌平区,北京市昌平区陈庄中学,102202.0,北京市昌平区南口镇陈庄村西,010-69771937,MIDDLE
北京市,昌平区,北京市昌平区桃洼学校中学部,102202.0,北京市昌平区南口镇后桃洼村村南,010-69778465,MIDDLE
北京市,昌平区,北京市昌平区马池口中学,102200.0,北京市昌平区马池口镇马池口村,010-69749080,MIDDLE
北京市,昌平区,北京市昌平区亭自庄学校,102202.0,北京市昌平区马池口镇北小营村,010-60756280,MIDDLE
北京市,昌平区,北京市昌平区沙河中学,102206.0,北京市昌平区沙河镇泰清宫大街46号,010-80717564,MIDDLE
北京市,昌平区,北京市昌平区满井中学,102206.0,北京市昌平区沙河镇满井东村南街131号,010-69731833,MIDDLE
北京市,昌平区,北京市私立汇佳学校,102200.0,北京市昌平区城南街道昌怀路157号,010-69744794,MIDDLE
北京市,昌平区,北京市昌平区阳坊中学,102205.0,北京市昌平区阳坊镇西大街18号,010-69760414,MIDDLE
北京市,昌平区,北京市昌平区回龙观中学,102208.0,北京市昌平区回龙观镇三合庄园西侧,010-81711358,MIDDLE
北京市,昌平区,北京市昌平区小汤山中学,102211.0,北京市昌平区小汤山镇小汤山村,010-61781232,MIDDLE
北京市,昌平区,北京市昌平区大东流中学,102211.0,北京市昌平区小汤山镇大东流村109号,010-61711480,MIDDLE
北京市,昌平区,北京市昌平区南邵中学,102200.0,北京市昌平区南邵镇南邵村村东,010-60732165,MIDDLE
北京市,昌平区,北京市昌平区崔村中学,102212.0,北京市昌平区崔村镇政府街,010-60724124,MIDDLE
北京市,昌平区,北京市昌平区百善学校,102211.0,北京市昌平区百善镇孟祖村南,010-61731633,MIDDLE
北京市,昌平区,北京市昌平区天通苑学校,102218.0,北京市昌平区东小口镇天通苑西三区13号,010-64117720,MIDDLE
北京市,昌平区,北京市昌平区中滩中学,102209.0,北京市昌平区东小口镇中滩村,010-84847701,MIDDLE
北京市,昌平区,北京市天通苑中山实验学校,102218.0,北京市昌平区东小口镇天通苑四区九号,010-84819306,MIDDLE
北京市,昌平区,北京市昌平区北七家中学,102209.0,北京市昌平区北七家镇羊各庄村,010-69751274,MIDDLE
北京市,昌平区,北京市昌平区燕丹学校,102209.0,北京市昌平区北七家镇燕丹村1号,010-61757143,MIDDLE
北京市,昌平区,北京市昌平区平西府中学,102209.0,北京市昌平区北七家镇宏福苑小区南,010-81786529,MIDDLE
北京市,昌平区,北京王府学校,102209.0,北京市昌平区北七家镇王府街11号,010-81787014,MIDDLE
北京市,昌平区,北京市昌平区兴寿学校,102212.0,北京市昌平区兴寿镇兴寿村,010-61726153,MIDDLE
北京市,昌平区,北京市昌平区上苑中学,102212.0,北京市昌平区兴寿镇东新城村78号,010-61707263,MIDDLE
北京市,昌平区,北京市昌平区下庄学校,102212.0,北京市昌平区兴寿镇下庄村,010-89726143,MIDDLE
北京市,昌平区,北京市昌平区长陵中学,102213.0,北京市昌平区长陵镇景陵村南侧,010-60761019,MIDDLE
北京市,昌平区,北京市昌平区黑山寨学校,102213.0,北京市昌平区长陵镇黑山寨村西,010-89727147,MIDDLE
北京市,昌平区,北京市昌平区流村中学,102204.0,北京市昌平区流村镇北流村,010-89771055,MIDDLE
北京市,昌平区,北京市昌平区十三陵中学,102200.0,北京市昌平区十三陵镇王庄村东,010-89763104,MIDDLE
北京市,昌平区,北京市昌平区南口学校,102202.0,北京市昌平区南口镇南大街8号,010-89794839,MIDDLE
北京市,昌平区,北京少林武术学校,100096.0,北京市昌平区回龙观镇甲一号院,010-62715558,MIDDLE
北京市,昌平区,北京市昌平区南口铁道北中学,102202.0,北京市昌平区南口镇道北西区593号,010-69775087,MIDDLE
北京市,昌平区,北京市昌平区二一学校,102205.0,北京市昌平区阳坊镇防化研究院,010-69760172,MIDDLE
北京市,昌平区,北京昌平新东方外国语学校,102205.0,北京市昌平区阳坊镇阳坊工业园区,010-58827916,MIDDLE
北京市,平谷区,北京市平谷区育才中学,101200.0,北京市平谷区平谷镇西寺渠村西寺渠大街48号,010-89987184,MIDDLE
北京市,平谷区,北京市平谷区夏各庄联办中学,101213.0,北京市平谷区夏各庄镇夏各庄村北街1号,010-60913164,MIDDLE
北京市,平谷区,北京市平谷区张各庄中学,101213.0,北京市平谷区夏各庄镇安固村东,010-52793562,MIDDLE
北京市,平谷区,北京市平谷区峪口中学,101206.0,北京市平谷区峪口镇峪口西大街50号,010-61906037,MIDDLE
北京市,平谷区,北京市平谷区马昌营中学,101214.0,北京市平谷区马昌营镇马昌营村古槐东三街2号,010-61981679,MIDDLE
北京市,平谷区,北京市平谷区第九中学,101200.0,北京市平谷区东高村镇东高村西,010-69909434,MIDDLE
北京市,平谷区,北京市平谷区第三中学,101200.0,北京市平谷区平谷镇文化南街5号,010-69961891,MIDDLE
北京市,平谷区,北京师范大学附属平谷中学,101200.0,北京市平谷区平谷镇北二环路园丁小区1号,010-69952681,MIDDLE
北京市,平谷区,北京市平谷区大华山中学,101207.0,北京市平谷区大华山镇大华山街263号,010-61947944,MIDDLE
北京市,平谷区,北京市平谷区山东庄中学,101211.0,北京市平谷区山东庄镇山东庄西大街173号,010-60937194,MIDDLE
北京市,平谷区,北京市平谷中学,101200.0,北京市平谷区平谷镇府前街6号,010-69961329,MIDDLE
北京市,平谷区,北京市平谷区第二中学,101200.0,北京市平谷区平谷镇南门街2号,010-69961750,MIDDLE
北京市,平谷区,北京市平谷区刘家河联办中学,101212.0,北京市平谷区南独乐河镇刘家河村西二路13号,010-60961747,MIDDLE
北京市,平谷区,北京市平谷区门楼庄中学,101203.0,北京市平谷区东高村镇门侯路3号,010-89923263,MIDDLE
北京市,平谷区,北京市平谷区黄松峪中学,101214.0,北京市平谷区黄松峪乡黄松峪大街343号,010-60971702,MIDDLE
北京市,平谷区,北京市平谷区第八中学,101205.0,北京市平谷区大兴庄镇大兴庄村南顺兴路2号,010-69956369,MIDDLE
北京市,平谷区,北京市平谷区第七中学,101200.0,北京市平谷区王辛庄镇北校园路14号,010-52792034,MIDDLE
北京市,平谷区,北京市平谷区第四中学,101200.0,北京市平谷区平谷镇赵各庄村东2号,010-89981204,MIDDLE
北京市,平谷区,北京市平谷区第六中学,101200.0,北京市平谷区平谷镇建设街204号,010-69962844,MIDDLE
北京市,平谷区,北京市平谷区马坊中学,101204.0,北京市平谷区峪口镇厂门口大街3号,010-61912478,MIDDLE
北京市,密云县,北京师范大学密云实验中学,101500.0,北京市密云县阳光街1号,010-69068719,MIDDLE
北京市,密云县,首都师范大学附属密云中学,101500.0,北京市密云县兴云路27号,010-81095480,MIDDLE
北京市,密云县,密云县第二中学,101500.0,北京市密云县康复路5号,010-69043327,MIDDLE
北京市,密云县,密云县第三中学,101500.0,北京市密云县育才路3号,010-69041394,MIDDLE
北京市,密云县,密云县第四中学,101500.0,北京市密云县阳光街88号,010-69060919,MIDDLE
北京市,密云县,密云县第五中学,101500.0,北京市密云县行宫街9号,010-69071007,MIDDLE
北京市,密云县,密云县第六中学,101500.0,北京市密云县兴云路23号,010-89097620,MIDDLE
北京市,密云县,密云县水库中学,101512.0,北京市密云县溪翁庄镇溪翁庄村,010-69012599,MIDDLE
北京市,密云县,密云县西田各庄中学,101509.0,北京市密云县西田各庄镇西田各庄村,010-61019604,MIDDLE
北京市,密云县,密云县十里堡中学,101500.0,北京市密云县十里堡镇十里堡村,010-89022112,MIDDLE
北京市,密云县,密云县河南寨中学,101500.0,北京市密云县河南寨镇芦古庄村,010-61088688,MIDDLE
北京市,密云县,密云县新农村中学,101500.0,北京市密云县穆家峪镇新农村,010-89012228,MIDDLE
北京市,密云县,密云县穆家峪中学,101500.0,北京市密云县穆家峪镇羊山村,010-61051944,MIDDLE
北京市,密云县,密云县太师庄中学,101504.0,北京市密云县太师屯镇太师庄村,010-69032716,MIDDLE
北京市,密云县,密云县高岭中学,101507.0,北京市密云县高岭镇高岭村,010-81081048,MIDDLE
北京市,密云县,密云县不老屯中学,101516.0,北京市密云县不老屯镇不老屯村,010-81091546,MIDDLE
北京市,密云县,密云县古北口中学,101508.0,北京市密云县古北口镇古北口村,010-81051340,MIDDLE
北京市,密云县,密云县大城子中学,101502.0,北京市密云县大城子镇大城子村,010-61072398,MIDDLE
北京市,密云县,密云县东邵渠中学,101501.0,北京市密云县东邵渠镇东邵渠村,010-61062485,MIDDLE
北京市,密云县,密云县北庄中学,101503.0,北京市密云县北庄镇北庄村,010-81001727,MIDDLE
北京市,密云县,密云县新城子中学,101506.0,北京市密云县新城子镇新城子村,010-81022446,MIDDLE
北京市,密云县,密云县巨各庄中学,101501.0,北京市密云县巨各庄镇前焦家坞村,010-61031401,MIDDLE
北京市,大兴区,北京市大兴区体育运动学校,102600.0,北京市大兴区黄村镇兴丰北大街69号,010-69250080,MIDDLE
北京市,大兴区,中国传媒大学附属中学,102600.0,北京市大兴区金惠园小区内,010-60293128,MIDDLE
北京市,大兴区,北京师范大学大兴附属中学,102600.0,北京市大兴区黄村镇减河桥北,010-69252066,MIDDLE
北京市,大兴区,北京经济技术开发区实验学校,100176.0,北京经济技术开发区天宝北街甲2号,010-67895748,MIDDLE
北京市,大兴区,北京市阳光情学校,100176.0,北京经济技术开发区天宝北街甲2号,010-67895748,MIDDLE
北京市,大兴区,北京市大兴区第八中学,102600.0,北京市大兴区黄村镇康庄路40号,010-69268299,MIDDLE
北京市,大兴区,北京市大兴区第一中学,102600.0,北京市大兴区黄村镇兴政街六号,010-69242569,MIDDLE
北京市,大兴区,北京市大兴区礼贤民族中学,102604.0,北京市大兴区礼贤镇礼贤一村青礼路2号,010-89271736,MIDDLE
北京市,大兴区,北京市大兴区第五中学,102600.0,北京市大兴区黄村镇红楼西巷20号,010-69246724,MIDDLE
北京市,大兴区,北京市大兴区第七中学,102600.0,北京市大兴区兴丰北大街2段215号,010-69247408,MIDDLE
北京市,大兴区,北京市大兴区定福庄中学,102601.0,北京市大兴区庞各庄镇定福庄村,010-89251348-1008,MIDDLE
北京市,大兴区,北京市大兴区第四中学,102600.0,北京市大兴区兴华中路54号,010-69242285,MIDDLE
北京市,大兴区,北京市大兴区大辛庄中学,102602.0,北京市大兴区礼贤镇中心村大辛庄街5号,010-89221107,MIDDLE
北京市,大兴区,北京市大兴区太和中学,100176.0,北京市大兴区瀛海镇太和商业街西,010-69286016,MIDDLE
北京市,大兴区,北京市大兴区魏善庄中学,102611.0,北京市大兴区魏善庄东大街西侧,010-89201948,MIDDLE
北京市,大兴区,北京市大兴区红星中学,100076.0,北京市大兴区瀛海镇工业区内红星中学,010-69272838,MIDDLE
北京市,大兴区,北京市大兴区德茂中学,100076.0,北京市大兴区旧宫镇德茂庄德裕街14号,010-67994560,MIDDLE
北京市,大兴区,北京市大兴区兴海学校,100162.0,北京市大兴区西红门镇三村,010-60243685,MIDDLE
北京市,大兴区,北京市大兴区庞各庄中学,102601.0,北京市大兴区庞各庄镇西义堂村北,010-89287415,MIDDLE
北京市,大兴区,北京市私立君谊中学,102600.0,北京市大兴区金惠园校区内,010-60259042,MIDDLE
北京市,大兴区,北京市大兴区第三中学,102600.0,北京市大兴区黄村镇三中巷7号,010-69232723,MIDDLE
北京市,大兴区,北京市大兴区第一职业学校,102612.0,北京市大兴区黄村镇后辛村东,010-61202599,MIDDLE
北京市,大兴区,北京市大兴区青云店中学,102605.0,北京市大兴区青云店镇育才路2号,010-80281019,MIDDLE
北京市,大兴区,北京市大兴区亦庄中学,100176.0,北京市大兴区亦庄镇广德中巷1号,010-67882070,MIDDLE
北京市,大兴区,北京市第十四中学大兴安定分校,102607.0,北京市大兴区安定镇兴安大街1号,010-80231474,MIDDLE
北京市,大兴区,北京市大兴区兴华中学,102600.0,北京市大兴区兴华北路,010-69294840,MIDDLE
北京市,大兴区,北京市大兴区第六中学,102609.0,北京市大兴区京开路甲54号,010-60279249,MIDDLE
北京市,大兴区,北京市大兴区北臧村中学,102609.0,北京市大兴区北臧村镇西,010-60279455,MIDDLE
北京市,大兴区,北京市大兴区旧宫中学,100076.0,北京市大兴区旧宫东路61号,010-87965730,MIDDLE
北京市,大兴区,北京市大兴区采育中学,102606.0,北京市大兴区采育镇福苑路,010-80271973,MIDDLE
北京市,大兴区,北京市大兴区郭家务中学,102603.0,北京市大兴区榆垡镇郭家务村西,010-89263890,MIDDLE
北京市,大兴区,北京市大兴区凤河营中学,102608.0,北京市大兴区采育镇凤河营村,010-80202814-605,MIDDLE
北京市,大兴区,北京市大兴区孙村中学,102600.0,北京市大兴区黄村镇孙村村北,010-61268436,MIDDLE
北京市,大兴区,北京市大兴区长子营中学,102615.0,北京市大兴区长子营镇沁水营村,010-80262334,MIDDLE
北京市,大兴区,北京市大兴区垡上中学,102605.0,北京市大兴区青云店镇垡上村,010-80211947,MIDDLE
北京市,大兴区,北京市大兴区金海学校,100162.0,北京市大兴区西红门镇团河路金星庄金海学校,010-61288948,MIDDLE
北京市,大兴区,北京市大兴区榆垡中学,102602.0,北京市大兴区榆垡镇今荣街,010-89218989,MIDDLE
北京市,大兴区,北京市大兴区狼垡中学,102613.0,北京市大兴区黄村镇狼垡村,010-61222224,MIDDLE
北京市,大兴区,首都师范大学附属大兴学校,102600.0,北京市大兴区海东路4号,010-61243204,MIDDLE
北京市,大兴区,北京市第二O七中学,102612.0,北京市大兴区黄村镇芦城南口,010-61239591-1108,MIDDLE
北京市,大兴区,北京市中芯学校,100176.0,北京市经济技术开发区凉水河二街9号,010-67853030,MIDDLE
北京市,大兴区,北京市美亚学校,102601.0,北京市大兴区庞各庄镇宋各庄村,010-89287866,MIDDLE
北京市,东城区,北京市第一六五中学,100010.0,北京市东城区育群胡同45号,010-64003872,MIDDLE
北京市,东城区,北京市第五十四中学,100013.0,北京市东城区和平里六区九号,010-84221682,MIDDLE
北京市,东城区,北京市国子监中学,100007.0,北京市东城区国子监街26号,010-64041183,MIDDLE
北京市,东城区,北京市第一七七中学,100011.0,北京市东城区安定门外青年湖南街23号,010-84122418,MIDDLE
北京市,东城区,北京市第五中学分校,100009.0,北京市东城区鼓楼东大街152号,010-64002100,MIDDLE
北京市,东城区,北京市第一四二中学,100013.0,北京市东城区和平里中街43号,010-64216781,MIDDLE
北京市,东城区,北京宏志中学,100013.0,北京市东城区和平里中街43号,010-64216781,MIDDLE
北京市,东城区,北京市第一中学,100009.0,北京市东城区宝钞胡同甲12号,010-64043280,MIDDLE
北京市,东城区,北京市第五中学,100007.0,北京市东城区细管胡同13号,010-64068564,MIDDLE
北京市,东城区,北京市第二十一中学,100007.0,北京市东城区交道口北三条57号,010-64043394,MIDDLE
北京市,东城区,北京市第五十五中学,100027.0,北京市东城区新中街12号,010-64164252,MIDDLE
北京市,东城区,中央工艺美术学院附属中学,100027.0,北京市东城区东直门外小街甲27号,010-64675611,MIDDLE
北京市,东城区,北京市第一二五中学,100005.0,北京市东城区后沟胡同乙2号,010-65246227,MIDDLE
北京市,东城区,北京市翔宇中学,100028.0,北京市东城区东直门北大街甲2号,010-84111886,MIDDLE
北京市,东城区,北京市第二中学分校,100010.0,北京市东城区朝内南小街南竹杆胡同81号,010-65279032,MIDDLE
北京市,东城区,北京市第二十二中学,100007.0,北京市东城区交道口东大街77号,010-64042225,MIDDLE
北京市,东城区,北京市第二十七中学,100006.0,北京市东城区东华门大街智德前巷11号,010-65255586,MIDDLE
北京市,东城区,北京市第二中学,100010.0,北京市东城区内务部街15号,010-65252231,MIDDLE
北京市,东城区,北京市第二十四中学,100005.0,北京市东城区外交部街31号,010-85111090,MIDDLE
北京市,东城区,北京市第二十五中学,100006.0,北京市东城区灯市口大街55号,010-65257525,MIDDLE
北京市,东城区,北京市和平北路学校,100011.0,北京市东城区安外大街168号（地坛体育场内）,010-64200141,MIDDLE
北京市,东城区,北京市第六十五中学,100006.0,北京市东城区北河沿大街115号,010-65251745,MIDDLE
北京市,东城区,北京市第一六六中学,100006.0,北京市东城区同福夹道3号,010-65134839,MIDDLE
北京市,东城区,北京景山学校,100006.0,北京市东城区灯市口大街53号,010-65252555,MIDDLE
北京市,东城区,北京市第一七一中学,100013.0,北京市东城区和平里北街8号,010-64212702,MIDDLE
北京市,东城区,北京市东直门中学,100007.0,北京市东城区东直门内北顺城街2号,010-64014988,MIDDLE
北京市,东城区,北京市外国语学校,100010.0,北京市东城区报房胡同82号,010-65127162,MIDDLE
北京市,东城区,北京市汇成学校,100028.0,北京市东城区东直门北大街甲2号,010-84515187,MIDDLE
北京市,东城区,北京市第十一中学,100050.0,北京市东城区金鱼池西街1号,010-67023669,MIDDLE
北京市,东城区,北京市第一一四中学,100077.0,北京市东城区永外街道西革新里114号,010-67271674,MIDDLE
北京市,东城区,北京市文汇中学,100022.0,北京市东城区广渠门外忠实里东区9号,010-87757385,MIDDLE
北京市,东城区,北京市崇文门中学,100062.0,北京市东城区东花市北里西区5号,010-67182515,MIDDLE
北京市,东城区,北京市前门外国语学校,100051.0,北京市东城区前门东大街甲14号,010-67024402,MIDDLE
北京市,东城区,北京市第九十六中学,100051.0,北京市东城区崇文门西小街3号,010-67014822,MIDDLE
北京市,东城区,北京汇文中学,100061.0,北京市东城区培新街6号,010-67117375,MIDDLE
北京市,东城区,北京市龙潭中学,100061.0,北京市东城区板厂南里3号,010-67147725,MIDDLE
北京市,东城区,北京市第五十中学分校,100075.0,北京市东城区永外安乐林路14号,010-87264492,MIDDLE
北京市,东城区,北京市第五十中学,100061.0,北京市东城区夕照寺大街13号,010-67121822,MIDDLE
北京市,东城区,北京市广渠门中学,100062.0,北京市东城区白桥大街甲1号,010-67126226,MIDDLE
北京市,东城区,北京市第一零九中学,100061.0,北京市东城区幸福大街43号,010-67121405,MIDDLE
北京市,东城区,北京市第十一中学分校,100050.0,北京市东城区天坛南里14号,010-67113857,MIDDLE
北京市,东城区,北京市第一一五中学,100061.0,北京市东城区天坛东路13号,010-67018618,MIDDLE
北京市,西城区,北京市第一六一中学,100031.0,北京市西城区大宴乐胡同11号,010-66054717,MIDDLE
北京市,西城区,北京市第一五九中学,100033.0,北京市西城区王府仓胡同23号,010-66033672,MIDDLE
北京市,西城区,北京市第八中学分校,100038.0,北京市西城区复兴门外大街乙20号,010-63464129,MIDDLE
北京市,西城区,北京市第七中学,100120.0,北京市西城区安德路69号,010-62076509,MIDDLE
北京市,西城区,北京市第八中学,100033.0,北京市西城区学院小街2号,010-59733533,MIDDLE
北京市,西城区,北京市第十三中学,100009.0,北京市西城区柳荫街27号,010-83282970,MIDDLE
北京市,西城区,北京市第三中学,100034.0,北京市西城区富国街3号,010-66183974,MIDDLE
北京市,西城区,北京市第四十一中学,100034.0,北京市西城区西四北二条58号,010-66162353,MIDDLE
北京市,西城区,北京市第三十一中学,100031.0,北京市西城区西绒线胡同33号,010-66056317,MIDDLE
北京市,西城区,北京市第四中学,100034.0,北京市西城区西黄城根北街甲2号,010-66175061,MIDDLE
北京市,西城区,北京市第一五六中学,100034.0,北京市西城区太平仓胡同16号,010-66175408,MIDDLE
北京市,西城区,北京市第二一四中学,100045.0,北京市西城区月坛北街18号,010-68522558,MIDDLE
北京市,西城区,北京市二龙路中学,100032.0,北京市西城区大木仓胡同39号,010-66072961,MIDDLE
北京市,西城区,北京市第五十六中学,100044.0,北京市西城区文兴街3号,010-68303485,MIDDLE
北京市,西城区,北京市第十三中学分校,100009.0,北京市西城区西绦胡同59号,010-64042406,MIDDLE
北京市,西城区,北京市第三十九中学,100034.0,北京市西城区西黄城根北街6号,010-66172949,MIDDLE
北京市,西城区,北京市裕中中学,100029.0,北京市西城区德外裕中西里21号楼,010-62036242,MIDDLE
北京市,西城区,北京市西城区实验学校,100120.0,北京市西城区德外六铺炕一巷2号,010-62014512,MIDDLE
北京市,西城区,北京师范大学附属实验中学,100032.0,北京市西城区二龙路14号,010-66526021,MIDDLE
北京市,西城区,北京市西城外国语学校,100044.0,北京市西城区西外南路6号,010-68344872,MIDDLE
北京市,西城区,北京市三帆中学,100088.0,北京市西城区德胜新风街7号,010-62018709,MIDDLE
北京市,西城区,北京市私立汇才中学,100037.0,北京市西城区白云观街北里11号,010-67261021,MIDDLE
北京市,西城区,北京市鲁迅中学,100031.0,北京市西城区新文化街45号,010-66035395,MIDDLE
北京市,西城区,北京师范大学第二附属中学,100088.0,北京市西城区新街口外大街12号,010-62354504,MIDDLE
北京市,西城区,北京市第四十四中学,100045.0,北京市西城区三里河南横街1号,010-68552688,MIDDLE
北京市,西城区,北京市第一五四中学,100037.0,北京市西城区百万庄南街14号,010-68320823,MIDDLE
北京市,西城区,北京市第三十五中学,100032.0,北京市西城区小口袋胡同19号,010-66022895,MIDDLE
北京市,西城区,北京市铁路第二中学,100045.0,北京市西城区月坛西街5号,010-68010973,MIDDLE
北京市,西城区,北京市100中学,100009.0,北京市西城区地安门西大街57号,010-83285711,MIDDLE
北京市,西城区,北京市月坛中学,100045.0,北京市西城区南礼士路二条1号,010-68013932,MIDDLE
北京市,西城区,北京市第十五中学,100054.0,北京市西城区育新街2号,010-63520235,MIDDLE
北京市,西城区,北京市第六十二中学,100050.0,北京西城区太平街西巷4号,010-63530367,MIDDLE
北京市,西城区,北京教育学院宣武分院附属中学,100054.0,北京市西城区南樱桃园新安中里二巷10号,010-63522480,MIDDLE
北京市,西城区,北京市育才学校,100050.0,北京市西城区东经路21号,010-83102075,MIDDLE
北京市,西城区,北京市广安中学,100053.0,北京市西城区枣林斜街55号,010-63549074,MIDDLE
北京市,西城区,北京市第六十六中学,100053.0,北京市西城区枣林前街111号,010-63540825,MIDDLE
北京市,西城区,北京市第十四中学,100055.0,北京市西城区广安门外大街305号,010-63017883,MIDDLE
北京市,西城区,北京市第一四Ｏ中学,100054.0,北京市西城区大川淀胡同24号,010-63522635-8029,MIDDLE
北京市,西城区,北京市和平门中学,100052.0,北京市西城区南新华街15号,010-63030007,MIDDLE
北京市,西城区,北京市第四十三中学,100052.0,北京市西城区后孙公园37号,010-63017407,MIDDLE
北京市,西城区,北京市宣武区外国语实验学校,100054.0,北京市西城区南菜园街35号,010-63541483,MIDDLE
北京市,西城区,徐悲鸿中学初中部,100050.0,北京市西城区永安路寿长街1号,010-63086143,MIDDLE
北京市,西城区,北京师范大学附属中学,100052.0,北京市西城区南新华街18号,010-63014680-210,MIDDLE
北京市,西城区,北京市北纬路中学,100050.0,北京市西城区北纬路46号,010-63030414,MIDDLE
北京市,西城区,北京市徐悲鸿中学,100054.0,北京市西城区右安门内西街甲10号,010-63533842,MIDDLE
北京市,西城区,北京市回民学校,100053.0,北京市西城区广内大街225号,010-63046958,MIDDLE
北京市,西城区,北京市第六十三中学,100053.0,北京市西城区白广路大街33号,010-63540870,MIDDLE
北京市,西城区,北京市华夏女子中学,100055.0,北京市西城区红莲中里12号,010-63261635,MIDDLE
北京市,西城区,北京教育学院附属中学,100035.0,北京市西城区新街口大四条48号,010-62215653,MIDDLE
北京市,西城区,北京师范大学附属实验中学分校,100032.0,北京市西城区辟才胡同80号,010-66526021,MIDDLE
北京市,朝阳区,北京市朝阳区芳草地国际学校富力分校,100121.0,北京市朝阳区鲁店北路30号,010-59643597,MIDDLE
北京市,朝阳区,北京市润丰学校,100025.0,北京市朝阳区青年路西里6号院,010-85515988,MIDDLE
北京市,朝阳区,北京市第九十四中学机场分校,100621.0,北京市朝阳区首都机场燕翔西里19号,010-64564797,MIDDLE
北京市,朝阳区,北京教育科学研究院附属实验中学,100102.0,北京市朝阳区望京西园四区428楼,010-64748559,MIDDLE
北京市,朝阳区,北京市望京实验学校,100102.0,北京市朝阳区望京西园三区313楼,010-64759576,MIDDLE
北京市,朝阳区,首都师范大学附属实验学校,100102.0,北京市朝阳区望京花园西区133号,010-64745839,MIDDLE
北京市,朝阳区,清华大学附属中学朝阳学校,100027.0,北京市朝阳区新源街31号,010-84482386,MIDDLE
北京市,朝阳区,北京工业大学附属中学,100022.0,北京市朝阳区双井大路园零号（富力城小区内）,010-58768366,MIDDLE
北京市,朝阳区,北京市第九十七中学,100025.0,北京市朝阳区黄杉木店206号,010-85520797,MIDDLE
北京市,朝阳区,北京市北苑中学,100012.0,北京市朝阳区安定门外北苑村2号,010-84922680-8824,MIDDLE
北京市,朝阳区,北京市枣营中学,100125.0,北京市朝阳区枣营南里1号,010-65917920,MIDDLE
北京市,朝阳区,北京市日坛中学,100020.0,北京市朝阳区建外光华西里4号,010-65061128,MIDDLE
北京市,朝阳区,北京市金盏中学,100018.0,北京市朝阳区金盏乡金盏大街1号,010-84334489,MIDDLE
北京市,朝阳区,北京市八里庄第三中学,100025.0,北京市朝阳区八里庄北里203楼,010-85836982,MIDDLE
北京市,朝阳区,中国建筑材料科学研究院附属中学,100024.0,北京市朝阳区管庄东里,010-65745060,MIDDLE
北京市,朝阳区,北京青年政治学院附属中学,100015.0,北京市朝阳区大山子西里10号,010-64372718,MIDDLE
北京市,朝阳区,北京国际艺术与科学学校,100125.0,北京市朝阳区麦子店正街53号,010-59082601,MIDDLE
北京市,朝阳区,北京市同仁中学,100123.0,北京市朝阳区甘露园南里一区10号楼,010-85779952,MIDDLE
北京市,朝阳区,中国红十字基金会北京拔萃双语学校,100025.0,北京市朝阳区拔萃路1号,010-65496909,MIDDLE
北京市,朝阳区,北京市垂杨柳中学,100021.0,北京市朝阳区松榆里20号楼,010-67303941,MIDDLE
北京市,朝阳区,北京市忠德学校,100024.0,北京市朝阳区东苇路9号,010-51397591,MIDDLE
北京市,朝阳区,北京市高家园中学,100015.0,北京市朝阳区高家园小区210号,010-64345274,MIDDLE
北京市,朝阳区,北京市第七十一中学,100164.0,北京市朝阳区小红门路5号,010-67643226,MIDDLE
北京市,朝阳区,北京市草场地中学,100015.0,北京市朝阳区崔各庄乡草场地村77号,010-64332863,MIDDLE
北京市,朝阳区,北京市团结湖第三中学,100026.0,北京市朝阳区水碓子东路14号,010-85989509,MIDDLE
北京市,朝阳区,北京市安慧北里中学,100101.0,北京市朝阳区安慧北里安园5号,010-64952374,MIDDLE
北京市,朝阳区,北京市十八里店中学,100122.0,北京市朝阳区十八里店乡周家庄甲1号,010-67472283,MIDDLE
北京市,朝阳区,北京市奶子房中学,100012.0,北京市朝阳区崔各庄乡奶子方西村626号,010-84911296,MIDDLE
北京市,朝阳区,北京市私立新亚中学,100122.0,北京市朝阳区十八里店886号,010-67473937,MIDDLE
北京市,朝阳区,北京市垡头中学,100023.0,北京市朝阳区垡头西里3区2号,010-67367715,MIDDLE
北京市,朝阳区,北京市第一一九中学,100022.0,北京市朝阳区建外永安西里10号,010-65681296,MIDDLE
北京市,朝阳区,北京市朝阳外国语学校,100101.0,北京市朝阳区慧忠里232号,010-64931696,MIDDLE
北京市,朝阳区,北京市第八十中学,100102.0,北京市朝阳区望京科技园利泽中园,010-58047009,MIDDLE
北京市,朝阳区,北京市双桥中学,100121.0,北京市朝阳区双桥中路,010-85365502,MIDDLE
北京市,朝阳区,北京市豆各庄中学,100121.0,北京市朝阳区南豆各庄乡豆各庄村,010-67368917,MIDDLE
北京市,朝阳区,北京市劲松第三中学,100021.0,北京市朝阳区劲松四区406楼,010-87715742,MIDDLE
北京市,朝阳区,北京市朝阳区爱迪外国语学校,100018.0,北京市朝阳区楼梓庄路7号,010-84394590,MIDDLE
北京市,朝阳区,北京市呼家楼中学,100026.0,北京市朝阳区呼家楼西里南街2号,010-65088964,MIDDLE
北京市,朝阳区,北京市定福庄中学,100024.0,北京市朝阳区大黄庄西里1号,010-65761528,MIDDLE
北京市,朝阳区,北京市酒仙桥第一中学,100016.0,北京市朝阳区酒仙桥南路甲7号,010-64371227-8003,MIDDLE
北京市,朝阳区,北京市大望路中学,100022.0,北京市朝阳区西大望路下甸甲一号,010-67714563,MIDDLE
北京市,朝阳区,北京服装学院附属中学,100028.0,北京市朝阳区柳芳南里20号楼,010-64626001,MIDDLE
北京市,朝阳区,北京市三里屯一中,100027.0,北京市朝阳区北三里屯5号,010-64162264,MIDDLE
北京市,朝阳区,北京市劲松第一中学,100021.0,北京市朝阳区劲松一区125号楼,010-87773607,MIDDLE
北京市,朝阳区,北京中医学院附属中学,100013.0,北京市朝阳区和平街15区,010-64215242,MIDDLE
北京市,朝阳区,北京市体育场路中学,100020.0,北京市朝阳区工体南路1号,010-65518147,MIDDLE
北京市,朝阳区,中国旅游学院附属中学,100025.0,北京市朝阳区八里庄东里10号,010-65565615,MIDDLE
北京市,朝阳区,北京市虎城中学,100021.0,北京市朝阳区磨房北里230号,010-87373401,MIDDLE
北京市,朝阳区,北京市陈经纶中学分校,100102.0,北京市朝阳区望京南湖东园223号,010-64709377,MIDDLE
北京市,朝阳区,北京市五路居第一中学,100029.0,北京市朝阳区安贞西里一区13号楼,010-64420115-805,MIDDLE
北京市,朝阳区,北京市和平街第一中学,100013.0,北京市朝阳区和平街8区16楼,010-84958233,MIDDLE
北京市,朝阳区,北京市劲松第四中学,100021.0,北京市朝阳区华威西里48号楼,010-67770358,MIDDLE
北京市,朝阳区,北京市民族学校,100024.0,北京市朝阳区常营民族家园12号,010-65481748,MIDDLE
北京市,朝阳区,北京市第十七中学,100124.0,北京市朝阳区百子湾家园404号,010-87210264,MIDDLE
北京市,朝阳区,北京市亚奥学校,100107.0,北京市朝阳区仰山路2号,010-84928241,MIDDLE
北京市,朝阳区,北京化工大学附属中学,100029.0,北京市朝阳区惠新里38号楼,010-64919179,MIDDLE
北京市,朝阳区,北京市陈经纶中学,100020.0,北京市朝阳区朝外大街38号,010-85611621,MIDDLE
北京市,朝阳区,北京市东方德才学校,100026.0,北京市朝阳区水碓子北里9号楼,010-85961302,MIDDLE
北京市,朝阳区,北京西藏中学,100029.0,北京市朝阳区北四环东路高原街1号,010-84637732,MIDDLE
北京市,朝阳区,北京信息工程学院附属中学,100101.0,北京市朝阳区德外南沙滩6号,010-64875352,MIDDLE
北京市,朝阳区,北京世青国际学校,100102.0,北京市朝阳区花家地北里18号楼,010-64617779,MIDDLE
北京市,朝阳区,北京师范大学朝阳附属中学,100192.0,北京市朝阳区林萃西里8号,010-82720310,MIDDLE
北京市,朝阳区,北京市东方培新学校,100025.0,北京市朝阳区慈云寺甲1号,010-85952080,MIDDLE
北京市,朝阳区,北京市黑庄户中学,100121.0,北京市朝阳区黑庄户乡黑庄户商业街甲3号,010-85386373,MIDDLE
北京市,朝阳区,北京市楼梓庄中学,100018.0,北京市朝阳区金盏乡楼梓庄村北后街2号,010-84311025,MIDDLE
北京市,朝阳区,北京市第九十四中学,100102.0,北京市朝阳区南湖中园315号,010-64790087,MIDDLE
北京市,朝阳区,北京市樱花园实验学校,100029.0,北京市朝阳区樱花园小区16号,010-64418658,MIDDLE
北京市,朝阳区,北京市第十六中学,100018.0,北京市朝阳区东坝红松园甲3号,010-51883248,MIDDLE
北京市,朝阳区,北京市温榆河双语实验学校,100102.0,北京市朝阳区崔各庄乡崔各庄村北,010-64354193,MIDDLE
北京市,朝阳区,华中师范大学第一附属中学朝阳学校,100025.0,北京市朝阳区辛庄二街泛海国际小区内,010-85854113,MIDDLE
北京市,朝阳区,北京市第八十中学体育运动学校,100025.0,北京市朝阳区平房乡平房村1861号,010-85573746,MIDDLE
北京市,朝阳区,北京市私立北方中学,100022.0,北京市朝阳区建国门外砖厂胡同甲33号,010-65676726,MIDDLE
北京市,朝阳区,北京市第八十中学管庄分校,100024.0,北京市朝阳区管庄西里,010-65792376,MIDDLE
北京市,朝阳区,北京市华侨城黄冈中学,100023.0,北京市朝阳区金蝉欢乐园一号院甲一号,010-67383678,MIDDLE
北京市,石景山区,北京市艺考高级中学,100041.0,北京市石景山区八大处杏石口甲2号,010-82593068,MIDDLE
北京市,石景山区,北京佳汇中学,100041.0,北京市石景山区模式口南里,010-88296005,MIDDLE
北京市,石景山区,北京市京源学校,100040.0,北京市石景山区京原路10号,010-68644124,MIDDLE
北京市,石景山区,北京市石景山区黄庄学校,100040.0,北京市石景山区八宝山街道黄庄村43号西南郊苗圃,010-88681197,MIDDLE
北京市,石景山区,北京市第九中学,100041.0,北京市石景山区模式口大街16号,010-88753160,MIDDLE
北京市,石景山区,北京市石景山区实验中学,100043.0,北京市石景山区八角路40号,010-68861034,MIDDLE
北京市,石景山区,北京市苹果园中学,100144.0,北京市石景山区苹果园南路25号,010-88932450,MIDDLE
北京市,石景山区,北京市蓝天第二中学,100049.0,北京市石景山区老山西里甲2号,010-68875051,MIDDLE
北京市,石景山区,北京市古城高级中学,100043.0,北京市石景山区古城南路6号,010-68876325,MIDDLE
北京市,石景山区,北京市古城外国语学校,100043.0,北京市石景山区八角南路,010-68871582,MIDDLE
北京市,石景山区,北京市蓝天第一中学,100041.0,北京市石景山区苹果园三区,010-88744485,MIDDLE
北京市,石景山区,北京市石景山区石景山中学,100041.0,北京市石景山区模式口西里甲31号院,010-88293411,MIDDLE
北京市,石景山区,北京市礼文中学,100049.0,北京市石景山区老山东里甲19号,010-88977433,MIDDLE
北京市,石景山区,北京市石景山区华奥学校,100040.0,北京市石景山区永乐东小区,010-68664165,MIDDLE
北京市,石景山区,北京市杨庄中学,100043.0,北京市石景山区八角北路53号,010-68870934,MIDDLE
北京市,石景山区,北京市高井中学,100041.0,北京市石景山区高井路26号,010-88953764,MIDDLE
北京市,石景山区,北京市天泰中学,100042.0,北京市石景山区石门路342号,010-88902163,MIDDLE
北京市,石景山区,北方工业大学附属中学,100041.0,北京市石景山区金顶北路八号,010-88751337,MIDDLE
北京市,石景山区,北京市八大处中学,100144.0,北京市石景山区八大处路8号,010-88962352,MIDDLE
北京市,石景山区,北京景山学校远洋分校,100040.0,北京市石景山区鲁谷东街22号,010-88681812,MIDDLE
北京市,石景山区,北京市石景山区台京学校,100043.0,北京市石景山区衙门口村西南后街,010-68663821,MIDDLE
北京市,石景山区,北京市同文中学,100040.0,北京市石景山区永乐小区甲8号院,010-68653297-817,MIDDLE
北京市,石景山区,北京市苹果园中学分校,100144.0,北京市石景山区西井路,010-88931340,MIDDLE
北京市,石景山区,北京教育学院石景山分院附属学校,100043.0,北京市石景山区古城东街5号,010-68878146,MIDDLE
北京市,丰台区,北京市圣云中学,100165.0,北京市丰台区卢沟桥晓月苑一里14号,010-83218989,MIDDLE
北京市,丰台区,北京市第二二二中学,100075.0,北京市丰台区光彩北路4号,010-87280847,MIDDLE
北京市,丰台区,北京市丰台区长辛店第三中学,100072.0,北京市丰台区朱家坟一里44号,010-83885842,MIDDLE
北京市,丰台区,北京市丰台区槐树岭学校,100072.0,北京市丰台区长辛店镇大灰厂东路19号,010-83804564,MIDDLE
北京市,丰台区,北京市丰华中学,100072.0,北京市丰台区朱家坟一里45号,010-83806697,MIDDLE
北京市,丰台区,北京市中桥外国语学校,100073.0,北京市丰台区太平桥东里甲2号,010-63813945,MIDDLE
北京市,丰台区,北京市第八中学怡海分校,100070.0,北京市丰台区南四环西路129号,010-63798086,MIDDLE
北京市,丰台区,北京市丰台区看丹中学,100070.0,北京市丰台区看丹建新路19号,010-63737583,MIDDLE
北京市,丰台区,北京市第十中学,100072.0,北京市丰台区长辛店镇南关东里1号,010-83884109,MIDDLE
北京市,丰台区,北京市丰台区南苑中学,100076.0,北京市丰台区南苑西路1号,010-67991601,MIDDLE
北京市,丰台区,北京市丰台区丰台第一中学,100070.0,北京市丰台区桥南新华街2号,010-63726654,MIDDLE
北京市,丰台区,北京市第十八中学,100078.0,北京市丰台区方庄芳星园二区11号,010-67696709,MIDDLE
北京市,丰台区,北京市云岗中学,100074.0,北京市丰台区云岗北区东里1号,010-68740542,MIDDLE
北京市,丰台区,北京市丰台第七中学,100071.0,北京市丰台区新村四里三号,010-63738115,MIDDLE
北京市,丰台区,北京市太平桥中学,100073.0,北京市丰台区太平桥27号,010-63475285,MIDDLE
北京市,丰台区,北京市丰台区长辛店第一中学,100072.0,北京市丰台区长辛店桥西扶轮胡同45号,010-83878013,MIDDLE
北京市,丰台区,北京市首都师范大学附属丽泽中学,100071.0,北京市丰台区北大街七号,010-63825292,MIDDLE
北京市,丰台区,北京市丰台区丰台路中学,100071.0,北京市丰台区西四环中路103号,010-63822494,MIDDLE
北京市,丰台区,首都医科大学附属中学,100069.0,北京市丰台区右安门外翠林小区2里22号,010-83401686,MIDDLE
北京市,丰台区,北京市丰台区东铁匠营第二中学,100079.0,北京市丰台区石榴园北里4号,010-67283340,MIDDLE
北京市,丰台区,北京教育学院丰台分院附属学校,100070.0,北京市丰台区三环新城丰桥路6号院,010-83207368,MIDDLE
北京市,丰台区,北京市芳星园中学,100078.0,北京市丰台区方庄芳城园三区10号,010-67684478,MIDDLE
北京市,丰台区,北京市右安门外国语学校,100069.0,北京市丰台区右安门外玉林东里三区十九号,010-63055692,MIDDLE
北京市,丰台区,北京市丰台区黄土岗中学,100160.0,北京市丰台区南四环西路16号,010-83718602,MIDDLE
北京市,丰台区,北京市丰台区左安门中学,100164.0,北京市丰台区成寿寺路四方景园五区9号楼,010-87644261,MIDDLE
北京市,丰台区,北京市丰台区卢沟桥中学,100165.0,北京市丰台区晓月苑小区垂虹街2号,010-83219582,MIDDLE
北京市,丰台区,北京市第十二中学,100071.0,北京市丰台区益泽路15号,010-83666014,MIDDLE
北京市,丰台区,北京市第十二中学高中分校,100071.0,北京市丰台区益泽路15号,010-83666056,MIDDLE
北京市,丰台区,北京市明德中学,100073.0,北京市丰台区马连道骆驼湾37号,010-83062818,MIDDLE
北京市,丰台区,北京市丰台第八中学,100071.0,北京市丰台区北大地一里16号,010-63841055,MIDDLE
北京市,丰台区,北京市西罗园学校,100077.0,北京市丰台区西罗园二区21号楼,010-67222633,MIDDLE
北京市,丰台区,北京市大成学校,100141.0,北京市丰台区青塔小区C区,010-68671697,MIDDLE
北京市,丰台区,北京市丰台区实验学校,100071.0,北京市丰台区程庄路90号,010-63833946,MIDDLE
北京市,丰台区,北京市丰台区和义学校,100076.0,北京市丰台区南苑北里三区12号楼,010-67983089,MIDDLE
北京市,丰台区,北京市丰台区东铁匠营第一中学,100075.0,北京市丰台区刘家窑东里7号,010-67621765,MIDDLE
北京市,丰台区,北京市丰台区王佐学校,100074.0,北京市丰台区王佐镇西王佐村25号,010-83316351,MIDDLE
北京市,丰台区,北京市洋桥学校,100077.0,北京市丰台区洋桥北里6号,010-67218657,MIDDLE
北京市,丰台区,北京新桥外国语学校,100069.0,北京市丰台区右安门外开阳里东巷24号,010-63587607,MIDDLE
北京市,丰台区,北京市丰台区丰台第二中学,100071.0,北京市丰台区丰台镇东安街头条3号,010-63800782,MIDDLE
北京市,丰台区,北京市航天中学,100076.0,北京市丰台区万源北路3号,010-67991659,MIDDLE
北京市,丰台区,北京市第十二中学体育分校,100071.0,北京市丰台区丰台镇文体路32号,010-63823086,MIDDLE
北京市,丰台区,北京市赵登禹学校,100067.0,北京市丰台区马家堡嘉园一里17号,010-67573220,MIDDLE
北京市,丰台区,北京市丰台区南顶中学,100075.0,北京市丰台区大红门路60号,010-67235977,MIDDLE
北京市,丰台区,北京市丰台区角门中学,100068.0,北京市丰台区马家堡路122号,010-67543104,MIDDLE
北京市,丰台区,北大附属实验学校,100071.0,北京市丰台区明春苑小区,010-51180068,MIDDLE
北京市,门头沟区,首都师范大学附属中学永定分校,102308.0,北京市门头沟区石龙北路32号,010-69801362,MIDDLE
北京市,门头沟区,北京市三家店铁路中学,102300.0,北京市门头沟区三家店新建路30号,010-61819104,MIDDLE
北京市,门头沟区,北京市大峪中学,102300.0,北京市门头沟区滨河德露苑18号,010-61864113,MIDDLE
北京市,门头沟区,北京市门头沟区新桥路中学,102300.0,北京市门头沟区新桥大街64号,010-69842617,MIDDLE
北京市,门头沟区,北京市门头沟区妙峰山民族学校,102300.0,北京市门头沟区妙峰山镇陇驾庄村,010-61880043,MIDDLE
北京市,门头沟区,北京市大峪中学分校,102300.0,北京市门头沟区新桥大街65号,010-69862030,MIDDLE
北京市,门头沟区,北京市门头沟区育新学校,102300.0,北京市门头沟区新桥南大街40号,010-69821853,MIDDLE
北京市,门头沟区,北京市育园中学,102300.0,北京市门头沟区新桥南大街甲21号,010-69834987,MIDDLE
北京市,门头沟区,北京市门头沟区军庄中学,102300.0,北京市门头沟区军庄镇军庄村,010-60811869,MIDDLE
北京市,门头沟区,北京市王平中学,102301.0,北京市门头沟区王平镇西石古岩村,010-61859455,MIDDLE
北京市,门头沟区,北京市门头沟区清水中学,102311.0,北京市门头沟区清水镇上清水村,010-60855374,MIDDLE
北京市,门头沟区,北京市门头沟区雁翅中学,102305.0,北京市门头沟区雁翅镇付家台村,010-61839774,MIDDLE
北京市,门头沟区,北京市门头沟区潭柘寺中学,102308.0,北京市门头沟区潭柘寺镇南辛房村北街119号,010-60862395,MIDDLE
北京市,门头沟区,北京市门头沟西辛房中学,102300.0,北京市门头沟路130号,010-69842868,MIDDLE
北京市,门头沟区,北京市门头沟区斋堂中学,102309.0,北京市门头沟区斋堂镇东斋堂大街7号,010-69816694,MIDDLE
北京市,门头沟区,北京市门头沟区坡头中学,102300.0,北京市门头沟区坡头南街1号,010-69842502,MIDDLE
北京市,门头沟区,北京市门头沟区体育运动学校,102300.0,北京市门头沟区石龙北路30号,010-69804720,MIDDLE
北京市,门头沟区,北京市门头沟区工读学校,102308.0,北京市门头沟区石龙北路13号,010-69804841,MIDDLE
北京市,海淀区,北京市新光中学,100039.0,北京市海淀区玉泉路7号,010-66864490,MIDDLE
北京市,海淀区,北京市海淀实验中学,100048.0,北京市海淀区白堆子131号,010-68471805,MIDDLE
北京市,海淀区,北京市一佳高级中学,100086.0,北京市海淀区双榆树东里35号,010-82118457,MIDDLE
北京市,海淀区,北京市盲人学校,100097.0,北京市海淀区五路居11号,010-88436313,MIDDLE
北京市,海淀区,北京市学院路中学,100088.0,北京市海淀区蓟门里小区北甲11号,010-62015276,MIDDLE
北京市,海淀区,北京市中关村中学,100086.0,北京市海淀区科学院南路甲14号,010-62619907,MIDDLE
北京市,海淀区,北京医学院附属中学,100191.0,北京市海淀区花园北路40号,010-62051727,MIDDLE
北京市,海淀区,首都师范大学附属中学,100048.0,北京市海淀区北洼路33号,010-68415054,MIDDLE
北京市,海淀区,北京市育英中学,100036.0,北京市海淀区万寿路西街14号,010-68287770,MIDDLE
北京市,海淀区,北京市知春里中学,100086.0,北京市海淀区知春东里12号,010-82130874,MIDDLE
北京市,海淀区,北京市海淀区星星学校,100193.0,北京市海淀区马连洼菊园小区11号楼,010-62985319,MIDDLE
北京市,海淀区,北京理工大学附属中学分校,100048.0,北京市海淀区紫竹院南路11号,010-68421542,MIDDLE
北京市,海淀区,北京市第四十七中学,100095.0,北京市海淀区苏家坨镇北安河村环谷园路8号,010-62450147,MIDDLE
北京市,海淀区,北京市万寿寺中学,100081.0,北京市海淀区万寿寺北里14号,010-68726706,MIDDLE
北京市,海淀区,北京市永丰中学,100094.0,北京市海淀区西北旺镇六里屯村北,010-62474285,MIDDLE
北京市,海淀区,北京市第二O六中学,100036.0,北京市海淀区翠微路19号,010-68211352,MIDDLE
北京市,海淀区,北京师范大学第三附属中学,100088.0,北京市海淀区北三环中路甲36号,010-62027296,MIDDLE
北京市,海淀区,北京市海淀北部新区实验中学,100194.0,北京市海淀区苏家坨镇西小营村,010-62407841,MIDDLE
北京市,海淀区,北京市玉渊潭中学,100038.0,北京市海淀区羊坊店路皇亭子,010-63983619,MIDDLE
北京市,海淀区,北京市上地中学,100084.0,北京市海淀区中关村北大街2号,010-62619108,MIDDLE
北京市,海淀区,北京市第十九中学,100089.0,北京市海淀区万泉河路83号,010-62567672,MIDDLE
北京市,海淀区,北京市上地实验学校,100085.0,北京市海淀区上地二街3号,010-62975198,MIDDLE
北京市,海淀区,北京市育强中学,100049.0,北京市海淀区阜石路甲59号,010-68238169,MIDDLE
北京市,海淀区,北京市翠微中学,100036.0,北京市海淀区翠微路1号,010-68273011,MIDDLE
北京市,海淀区,北京航空航天大学附属中学,100191.0,北京市海淀区学院路37号,010-82328079,MIDDLE
北京市,海淀区,北京农业大学附属中学,100193.0,北京市海淀区圆明园西路3号,010-62818575,MIDDLE
北京市,海淀区,北京市六一中学,100142.0,北京市海淀区定慧西里17号,010-88123782,MIDDLE
北京市,海淀区,北京市温泉第二中学,100095.0,北京市海淀区温泉镇环山村2号院,010-62456191,MIDDLE
北京市,海淀区,北京市第一0五中学,100081.0,北京市海淀区高粱桥斜街3号,010-62181395,MIDDLE
北京市,海淀区,首都师范大学第二附属中学,100048.0,北京市海淀区增光路50号,010-68429728,MIDDLE
北京市,海淀区,北京市科迪实验中学,100194.0,北京市海淀区苏家坨镇苏三四村,010-62482677,MIDDLE
北京市,海淀区,北京市育英学校,100036.0,北京市海淀区万寿路西街11号,010-62870365,MIDDLE
北京市,海淀区,北京市中关村外国语学校,100096.0,北京市海淀区建材城西路12号,010-82930297,MIDDLE
北京市,海淀区,北京市太平路中学,100039.0,北京市海淀区太平路8号,010-68156905,MIDDLE
北京市,海淀区,北京市陶行知中学,100088.0,北京市海淀区马甸西村2号,010-62370760,MIDDLE
北京市,海淀区,北京钢铁学院附属中学,100083.0,北京市海淀区志新路36号,010-82380909,MIDDLE
北京市,海淀区,北京市明光中学,100088.0,北京市海淀区学院南路1号,010-62233057,MIDDLE
北京市,海淀区,北京市第一O一中学,100091.0,北京市海淀区颐和园路11号,010-51633497,MIDDLE
北京市,海淀区,北京矿业学院附属中学,100083.0,北京市海淀区学院路丁11号,010-62319913,MIDDLE
北京市,海淀区,中国人民大学附属中学第二分校,100097.0,北京市海淀区蓝靛厂路25号,010-88457078,MIDDLE
北京市,海淀区,中央民族大学附属中学,100081.0,北京市海淀区法华寺甲5号,010-68932088,MIDDLE
北京市,海淀区,北京市永定路中学,100143.0,北京市海淀区金沟河路13号,010-68273356,MIDDLE
北京市,海淀区,北京市建华实验学校,100039.0,北京市海淀区玉泉路66号,010-88625059,MIDDLE
北京市,海淀区,北京理工大学附属中学,100089.0,北京市海淀区车道沟,010-68730977,MIDDLE
北京市,海淀区,中国人民大学附属中学,100080.0,北京市海淀区中关村大街37号,010-62511859,MIDDLE
北京市,海淀区,北京市万泉河中学,100080.0,北京市海淀区海淀操场乙73号,010-62610409,MIDDLE
北京市,海淀区,北京市海淀区教师进修学校附属实验学校,100089.0,北京市海淀区远大路34号,010-88509462,MIDDLE
北京市,海淀区,北京市立新学校,100037.0,北京市海淀区阜成路甲3号,010-68351747,MIDDLE
北京市,海淀区,北京市第六十七中学,100091.0,北京市海淀区厢红旗东门外甲3号,010-62881087,MIDDLE
北京市,海淀区,北京市西颐实验学校,100086.0,北京市海淀区双榆树南里2区3号,010-62510162,MIDDLE
北京市,海淀区,北京市二十一世纪实验学校,100142.0,北京市海淀区恩济庄46号,010-88124903,MIDDLE
北京市,海淀区,北京市上庄第二中学,100094.0,北京市海淀区上庄镇东小营2号,010-62471523,MIDDLE
北京市,海淀区,北京市海淀区尚丽外国语学校,100093.0,北京市海淀区香山南路四统碑,010-62591019,MIDDLE
北京市,海淀区,首都师范大学附属育新学校,100096.0,北京市海淀区西三旗新康园4号,010-82930293,MIDDLE
北京市,海淀区,北京市清河中学,100085.0,北京市海淀区清河镇清河一街83号,010-62927409,MIDDLE
北京市,海淀区,北京市八一中学,100080.0,北京市海淀区苏州街29号,010-58839007,MIDDLE
北京市,海淀区,北京市育鸿学校,100843.0,北京市海淀区复兴路14号,010-66984507,MIDDLE
北京市,海淀区,北京市十一学校,100039.0,北京市海淀区玉泉路66号,010-88278276,MIDDLE
北京市,海淀区,清华大学附属初级中学,100084.0,北京市海淀区清华大学院内,010-62781662,MIDDLE
北京市,海淀区,北京市第五十七中学,100038.0,北京市海淀区北蜂窝中路6号,010-63269986,MIDDLE
北京市,海淀区,北京市海淀外国语实验学校,100195.0,北京市海淀区杏石口路20号,010-88459235,MIDDLE
北京市,海淀区,清华大学附属中学,100084.0,北京市海淀区中关村北大街,010-62781662,MIDDLE
北京市,海淀区,北京市北达资源中学,100871.0,北京市海淀区北京大学畅春园,010-62752071,MIDDLE
北京市,海淀区,北大附中香山学校,100093.0,北京市海淀区香山南辛村1号,010-82597165,MIDDLE
北京市,海淀区,北京市上庄中学,100094.0,北京市海淀区上庄镇43号,010-62471492,MIDDLE
北京市,海淀区,北京石油学院附属中学,100083.0,北京市海淀区学院路20号石油大院,010-82370036,MIDDLE
北京市,海淀区,北京市师达中学,100093.0,北京市海淀区闵庄路70号,010-62858559,MIDDLE
北京市,海淀区,北京大学附属中学,100190.0,北京市海淀区海淀黄庄,010-58751074,MIDDLE
北京市,海淀区,中国地质大学附属中学,100083.0,北京市海淀区城府路20号,010-82310924,MIDDLE
北京市,海淀区,北方交通大学附属中学,100081.0,北京市海淀区皂君庙12号,010-62166616,MIDDLE
北京市,海淀区,中国人民大学附属中学分校,100086.0,北京市海淀区双榆树南里二区3号,010-62150598,MIDDLE
北京市,海淀区,北京市清华志清中学,100084.0,北京市海淀区中关村北大街清华大学997,010-62980450,MIDDLE
北京市,海淀区,北京世贤学院附属中学,100083.0,北京市海淀区二里庄小区24号,010-62316264,MIDDLE
北京市,海淀区,北京市仕尚中学,100094.0,北京市海淀区上庄路117号,010-84911081,MIDDLE
北京市,海淀区,北京市北外附属外国语学校,100085.0,北京市海淀区西二旗大街19号,010-82747051,MIDDLE
北京市,海淀区,人大附中西山学校,100193.0,北京市海淀区马连洼南路9号,010-62833690,MIDDLE
北京市,海淀区,北京市第二十中学,100085.0,北京市海淀区清河小营西路11号,010-62920533,MIDDLE
北京市,海淀区,北京市卫国中学,100036.0,北京市海淀区复兴路21号,010-68181450,MIDDLE
北京市,海淀区,北京市清华育才实验学校,100195.0,北京市海淀区闵庄路56号,010-62859436,MIDDLE
